post_date,platform,content_type,destination,caption_or_topic,content_category,views,likes,comments,shares,saves,followers,engagements,engagement_rate_pct,data_type
16-03-2026,Instagram,Reel,"Bali, Indonesia",Hidden beaches in Bali you should save for your next trip,Beach guide,18400,1320,86,210,740,25000,2356,12.8,synthetic_demo
17-03-2026,Instagram,Carousel,"Jaipur, India",A 2-day Jaipur itinerary on a budget,Itinerary,12600,810,64,175,920,25000,1969,15.63,synthetic_demo
18-03-2026,YouTube,Short,"Goa, India",3 peaceful Goa beaches away from the crowds,Beach guide,22100,1450,102,260,680,25000,2492,11.28,synthetic_demo
24-03-2026,Instagram,Reel,"Munnar, India",Waking up to the tea gardens of Munnar,Scenic,15800,1180,51,144,510,25000,1885,11.93,synthetic_demo
03-04-2026,Instagram,Carousel,"Kashmir, India",What I packed for 5 days in Kashmir,Packing tips,14300,760,92,130,810,25000,1792,12.53,synthetic_demo
04-04-2026,YouTube,Video,"Hampi, India",A complete weekend travel guide to Hampi,Travel guide,9800,620,78,115,430,25000,1243,12.68,synthetic_demo
27-04-2026,Instagram,Reel,"Udaipur, India",The prettiest sunset spot in Udaipur,Scenic,26700,2050,124,390,1100,25000,3664,13.72,synthetic_demo
29-04-2026,Instagram,Carousel,"Coorg, India",A quiet 3-day Coorg itinerary,Itinerary,11900,730,58,160,850,26000,1798,15.11,synthetic_demo
03-05-2026,YouTube,Short,"Agra, India",Taj Mahal at sunrise: what to know before you go,Travel tips,30500,2190,140,410,980,26000,3720,12.2,synthetic_demo
09-05-2026,Instagram,Reel,"Alleppey, India",A day on a Kerala houseboat,Experience,19400,1490,97,280,760,26000,2627,13.54,synthetic_demo
15-05-2026,Instagram,Carousel,"Rishikesh, India","Rishikesh travel costs: stay, food and activities",Budget breakdown,17100,980,133,240,1250,26000,2603,15.22,synthetic_demo
18-05-2026,YouTube,Video,"Delhi, India",Delhi street food walk: what we tried,Food,11200,690,110,90,370,26000,1260,11.25,synthetic_demo
20-05-2026,Instagram,Reel,"Ladakh, India",Road trip views that don't look real,Scenic,41200,3280,188,740,1600,26000,5808,14.1,synthetic_demo
03-06-2026,Instagram,Carousel,"Pondicherry, India",A photogenic one-day guide to Pondicherry,Itinerary,15300,1010,86,220,990,26000,2306,15.07,synthetic_demo
08-06-2026,YouTube,Short,"Ooty, India",The toy train ride you need to experience,Experience,23800,1670,121,310,870,27000,2971,12.48,synthetic_demo
20-06-2026,Instagram,Reel,"Gokarna, India",A slow morning by the sea in Gokarna,Lifestyle,17600,1290,73,190,620,27000,2173,12.35,synthetic_demo
01-07-2026,Instagram,Carousel,Singapore,Singapore in 4 days: route and costs,Itinerary,20800,1340,155,360,1780,27000,3635,17.48,synthetic_demo
06-07-2026,YouTube,Video,"Kandy, Sri Lanka","Kandy travel guide: places, transport and budget",Travel guide,13700,840,94,170,690,27000,1794,13.09,synthetic_demo
18-07-2026,Instagram,Reel,"Galle, Sri Lanka",Golden hour in Galle Fort,Scenic,28900,2310,119,430,1240,27000,4099,14.18,synthetic_demo
23-07-2026,Instagram,Carousel,"Hyderabad, India",A weekend guide to Hyderabad for visitors,City guide,13200,790,88,145,730,27000,1753,13.28,synthetic_demo
28-07-2026,YouTube,Short,"Kodaikanal, India",3 viewpoints to add to your Kodaikanal trip,Travel tips,19600,1390,103,275,920,28000,2688,13.71,synthetic_demo
29-07-2026,Instagram,Reel,"Varkala, India",Cliffside cafes and sea views in Varkala,Food and scenic,24700,1880,130,350,1060,28000,3420,13.85,synthetic_demo
04-08-2026,Instagram,Carousel,"Mumbai, India",Mumbai local travel tips for first-time visitors,Travel tips,16100,920,146,205,1170,28000,2441,15.16,synthetic_demo
16-08-2026,YouTube,Video,"Manali, India",A 4-day Manali trip: full itinerary,Itinerary,15400,970,122,190,880,28000,2162,14.04,synthetic_demo
23-08-2026,Instagram,Reel,"Bali, Indonesia",What I spent in one day in Bali,Budget breakdown,33700,2460,201,590,1950,28000,5201,15.43,synthetic_demo
28-08-2026,Instagram,Carousel,"Kashmir, India",Mistakes to avoid on your first Kashmir trip,Travel tips,22400,1510,184,420,2100,28000,4214,18.81,synthetic_demo
01-09-2026,YouTube,Short,"Jaipur, India",Hawa Mahal photo spot and best time to visit,Travel tips,18200,1190,79,230,710,28000,2209,12.14,synthetic_demo
02-09-2026,Instagram,Reel,"Meghalaya, India",Waterfalls and winding roads in Meghalaya,Scenic,38600,2920,172,650,1470,28000,5212,13.5,synthetic_demo
07-09-2026,Instagram,Carousel,"Goa, India",A realistic Goa trip budget for 3 days,Budget breakdown,20100,1280,167,310,1640,28000,3397,16.9,synthetic_demo
15-09-2026,YouTube,Video,Thailand,First-timer's guide to Bangkok: transport and food,Travel guide,17900,1100,138,240,1050,29000,2528,14.12,synthetic_demo
